,City,Cloudiness,Country,Date,Humidity,Lat,Lng,Max Temp,Wind Speed
0,Coolum Beach,100,AU,1591740018,97,-26.53,153.1,63.0,1.99
1,Jamestown,1,US,1591740272,45,42.1,-79.24,88.0,2.21
2,Busselton,87,AU,1591740273,68,-33.65,115.33,46.99,7.83
3,Lexington,40,US,1591740274,69,37.99,-84.48,82.99,13.87
4,Paraty,20,BR,1591740032,73,-23.22,-44.71,71.6,3.36
5,New Norfolk,100,AU,1591740276,84,-42.78,147.06,46.0,1.01
6,Atuona,9,PF,1591740277,78,-9.8,-139.03,80.83,20.22
7,Puerto Ayora,75,EC,1591740278,57,-0.74,-90.35,80.6,18.34
8,Eilat,0,IL,1591740279,27,29.56,34.95,91.4,11.41
9,Barrow,90,US,1591740280,80,71.29,-156.79,30.2,8.05
10,Loei,100,TH,1591740282,100,17.42,101.5,65.48,3.42
11,Ushuaia,75,AR,1591740251,69,-54.8,-68.3,39.2,4.7
12,Bonavista,95,CA,1591740284,87,48.65,-53.11,42.01,6.46
13,Verāval,23,IN,1591740285,79,20.9,70.37,85.21,7.92
14,Seoul,68,KR,1591740188,83,37.57,126.98,69.8,1.12
15,Saldanha,8,ZA,1591740261,87,-33.01,17.94,59.0,18.34
16,Punta Arenas,75,CL,1591740288,93,-53.15,-70.92,35.6,2.24
17,Hilo,90,US,1591740009,88,19.73,-155.09,79.0,4.7
18,Provideniya,0,RU,1591740290,75,64.38,-173.3,41.0,13.42
19,Bluff,88,NZ,1591740292,89,-46.6,168.33,51.01,11.01
20,Khatanga,26,RU,1591740293,43,71.97,102.5,50.27,12.41
21,Vaini,75,TO,1591740294,88,-21.2,-175.2,75.2,8.05
22,Saint George,1,US,1591740295,10,37.1,-113.58,80.6,5.82
23,Tasiilaq,100,GL,1591740296,86,65.61,-37.64,39.2,10.29
24,George Town,20,MY,1591740003,83,5.41,100.34,82.4,3.36
25,Namatanai,0,PG,1591740298,76,-3.67,152.43,82.09,3.49
26,Butaritari,33,KI,1591740299,77,3.07,172.79,82.6,14.9
27,Ribeira Grande,100,PT,1591740300,72,38.52,-28.7,64.74,1.81
28,Knysna,14,ZA,1591740302,93,-34.04,23.05,53.6,2.24
29,Tuktoyaktuk,75,CA,1591740303,70,69.45,-133.04,44.6,5.82
30,Ust'-Uda,100,RU,1591740304,93,54.17,103.03,49.17,4.79
31,Rikitea,100,PF,1591740305,83,-23.12,-134.97,76.21,9.26
32,Miraflores,75,MX,1591740073,26,19.22,-98.81,82.4,12.75
33,Lavrentiya,100,RU,1591740264,84,65.58,-171.0,36.59,5.82
34,Bredasdorp,0,ZA,1591740255,87,-34.53,20.04,48.2,4.43
35,Nanning,40,CN,1591740040,88,22.82,108.32,80.6,4.47
36,Maragogi,0,BR,1591740310,85,-9.01,-35.22,76.28,5.88
37,Kapaa,90,US,1591740252,69,22.08,-159.32,82.99,10.29
38,Bethel,1,US,1591740053,40,41.37,-73.41,89.01,8.05
39,Ketchikan,90,US,1591740314,58,55.34,-131.65,59.0,23.04
40,Xining,63,CN,1591740315,61,36.62,101.77,50.31,2.13
41,Korla,100,CN,1591740316,95,41.76,86.15,75.0,4.0
42,Mataura,20,NZ,1591740252,89,-46.19,168.86,51.01,11.01
43,Caravelas,0,BR,1591740318,91,-17.71,-39.25,72.16,4.52
44,Kavaratti,93,IN,1591740319,80,10.57,72.64,84.06,14.32
45,Nanortalik,100,GL,1591740320,67,60.14,-45.24,47.86,17.67
46,Alofi,100,NU,1591740256,70,-19.06,-169.92,79.0,8.28
47,Grindavik,75,IS,1591740323,81,63.84,-22.43,48.2,8.05
48,Cascais,70,PT,1591740324,78,38.7,-9.42,62.01,20.49
49,Alta Floresta,0,BR,1591740325,74,-9.88,-56.09,76.19,3.71
50,Banda Aceh,100,ID,1591740326,73,5.56,95.32,80.2,9.1
51,Dakar,40,SN,1591740306,78,14.69,-17.44,82.4,10.96
52,Kahului,20,US,1591740221,52,20.89,-156.47,87.8,24.16
53,Lao Cai,99,VN,1591740329,76,22.48,103.95,78.87,0.6
54,Necochea,0,AR,1591740298,62,-38.55,-58.74,48.0,5.01
55,Kavieng,100,PG,1591740265,73,-2.57,150.8,84.34,6.98
56,Port Alfred,20,ZA,1591740252,31,-33.59,26.89,78.01,10.0
57,Cape Town,75,ZA,1591740087,87,-33.93,18.42,59.0,16.11
58,Fortuna,1,US,1591740335,55,40.6,-124.16,71.01,13.87
59,Jiuquan,85,CN,1591740336,27,39.74,98.52,59.09,2.55
60,Hastings,90,GB,1591740111,87,50.86,0.57,53.01,2.24
61,Qaanaaq,0,GL,1591740338,86,77.48,-69.36,32.83,0.58
62,Hobart,75,AU,1591740339,61,-42.88,147.33,48.2,6.93
63,Vuktyl,5,RU,1591740341,60,63.86,57.31,68.11,9.75
64,Khovd,50,MN,1591740342,64,48.01,91.64,50.34,3.11
65,Rawson,75,AR,1591740343,39,-43.3,-65.1,57.31,34.72
66,Inta,27,RU,1591740344,53,66.03,60.17,69.69,17.98
67,Albany,32,US,1591740345,55,42.6,-73.97,87.01,5.73
68,Morón,21,AR,1591740085,95,-34.65,-58.62,57.99,2.8
69,Iquique,90,CL,1591740347,72,-20.22,-70.14,64.4,9.17
70,Bilibino,100,RU,1591740348,28,68.05,166.44,65.28,13.38
71,Hithadhoo,100,MV,1591740349,70,-0.6,73.08,83.52,6.4
72,Nikolskoye,40,RU,1591740350,88,59.7,30.79,63.0,4.5
73,Kaitangata,25,NZ,1591740352,58,-46.28,169.85,51.01,1.01
74,Dikson,100,RU,1591740255,100,73.51,80.55,34.52,10.4
75,Omboué,94,GA,1591740354,87,-1.57,9.26,74.08,7.02
76,Broome,1,US,1591740355,39,42.25,-75.83,88.0,3.36
77,Yellowknife,90,CA,1591740087,65,62.46,-114.35,46.4,6.93
78,Sharjah city,0,AE,1591740357,62,25.36,55.4,93.2,4.03
79,Sitka,75,US,1591740358,41,57.05,-135.33,60.8,11.41
80,Gornopravdinsk,89,RU,1591740359,62,60.05,69.9,63.52,3.76
81,Iwanai,100,JP,1591740360,56,42.97,140.51,68.68,3.18
82,Leonidovo,100,RU,1591740362,87,49.28,142.87,60.06,0.72
83,São João da Barra,0,BR,1591740363,78,-21.64,-41.05,75.2,13.87
84,Port Blair,100,IN,1591740364,78,11.67,92.75,82.18,18.12
85,Estelle,75,US,1591740168,79,29.85,-90.11,90.0,17.22
86,Wasilla,90,US,1591740366,93,61.58,-149.44,52.0,4.7
87,Hong Kong,95,HK,1591740284,74,22.29,114.16,84.0,8.01
88,Bolobo,52,CD,1591740266,90,-2.17,16.23,72.9,3.69
89,Yuzhno-Kurilsk,98,RU,1591740369,83,44.03,145.86,53.38,7.83
90,Sept-Îles,75,CA,1591740365,40,50.2,-66.38,53.6,10.29
91,Klaksvík,100,FO,1591740372,93,62.23,-6.59,48.2,16.11
92,Yulara,0,AU,1591740373,55,-25.24,130.99,37.4,9.17
93,Saint-Philippe,35,RE,1591740374,63,-21.36,55.77,68.0,9.17
94,Lázaro Cárdenas,40,MX,1591740375,70,17.96,-102.2,82.29,12.64
95,Ciudad Bolivar,79,VE,1591740376,48,8.12,-63.55,91.09,2.04
96,Indianola,90,US,1591740377,94,41.36,-93.56,71.01,9.17
97,Río Gallegos,40,AR,1591740378,74,-51.62,-69.22,37.4,20.8
98,Chiredzi,15,ZW,1591740379,73,-21.05,31.67,59.59,0.98
99,Pandan,99,PH,1591740380,81,14.05,124.17,81.79,4.38
100,Bathsheba,75,BB,1591740382,70,13.22,-59.52,84.2,12.75
101,Rousse,100,BG,1591740383,80,43.86,25.97,72.0,2.01
102,Richards Bay,0,ZA,1591740384,71,-28.78,32.04,68.14,15.52
103,India,52,IN,1591740385,62,20.0,77.0,83.75,11.65
104,Vardø,75,NO,1591740386,75,70.37,31.11,41.0,3.36
105,Airai,82,TL,1591740387,99,-8.93,125.41,56.08,3.8
106,Bambous Virieux,40,MU,1591740388,83,-20.34,57.76,70.0,14.99
107,Port Augusta,0,AU,1591740389,100,-32.5,137.77,30.2,5.82
108,San Cristobal,40,VE,1591740390,36,7.77,-72.22,93.2,23.04
109,Wenling,100,CN,1591740392,99,28.37,121.36,78.01,8.66
110,Coquimbo,8,CL,1591740393,72,-29.95,-71.34,59.0,10.29
111,Vila,98,PT,1591740394,72,42.03,-8.16,62.01,11.41
112,Burnie,100,AU,1591740395,79,-41.07,145.92,46.99,5.99
113,Torbay,75,CA,1591740313,70,47.67,-52.73,46.4,9.17
114,Maneromango,20,TZ,1591740397,94,-7.2,38.78,73.4,3.6
115,Mahajanga,49,MG,1591740398,72,-15.72,46.32,68.0,4.7
116,Wanning,98,CN,1591740399,89,18.8,110.4,80.76,10.29
117,Lebu,88,CL,1591740400,76,-37.62,-73.65,52.09,12.8
118,Abu Dhabi,0,AE,1591740401,89,24.47,54.37,91.4,4.7
119,Vestmanna,100,FO,1591740403,93,62.16,-7.17,48.2,16.11
120,Vila Franca do Campo,20,PT,1591740404,72,37.72,-25.43,64.4,9.17
121,Pevek,100,RU,1591740260,54,69.7,170.31,48.81,12.06
122,Cidreira,92,BR,1591740406,86,-30.18,-50.21,61.02,4.74
123,Tsiroanomandidy,0,MG,1591740407,79,-18.77,46.03,55.29,3.62
124,Sinnamary,98,GF,1591740408,84,5.38,-52.95,77.86,5.21
125,Katsuura,75,JP,1591740409,65,35.13,140.3,77.0,16.11
126,Chernyshevskiy,59,RU,1591740410,57,63.01,112.47,47.57,11.07
127,Sand Springs,1,US,1591740411,27,36.14,-96.11,91.4,12.75
128,Mossamedes,58,AO,1591740413,81,-15.2,12.15,65.62,9.26
129,Dangtu,90,CN,1591740414,94,31.57,118.49,79.0,6.71
130,Likasi,0,CD,1591740415,64,-10.98,26.73,55.51,3.49
131,Itacoatiara,32,BR,1591740416,84,-3.14,-58.44,78.39,1.72
132,Port Elizabeth,43,ZA,1591740417,27,-33.92,25.57,75.2,11.41
133,San Patricio,5,MX,1591740267,74,19.22,-104.7,82.4,11.41
134,Vostok,100,RU,1591740419,95,46.49,135.88,61.61,5.79
135,Dembī Dolo,67,ET,1591740420,96,8.53,34.8,57.18,2.21
136,Ponta do Sol,40,PT,1591740422,63,32.67,-17.1,66.2,9.17
137,Hermanus,0,ZA,1591740423,86,-34.42,19.23,57.99,10.0
138,Tuatapere,33,NZ,1591740424,89,-46.13,167.68,51.01,11.01
139,Pitimbu,75,BR,1591740425,94,-7.47,-34.81,77.0,4.7
140,Baker City,90,US,1591740154,52,44.77,-117.83,64.4,3.36
141,Hasaki,75,JP,1591740427,88,35.73,140.83,75.99,6.93
142,Santo Domingo,40,DO,1591740343,55,18.5,-69.99,89.6,9.17
143,Emirdağ,35,TR,1591740429,41,39.02,31.15,67.78,6.4
144,Loughrea,75,IE,1591740430,93,53.2,-8.57,53.6,8.05
145,Manzhouli,71,CN,1591740431,50,49.6,117.43,59.4,2.86
146,Kampong Thom,92,KH,1591740433,92,12.71,104.89,77.77,3.2
147,Morant Bay,75,JM,1591740434,88,17.88,-76.41,86.0,16.11
148,Berlevåg,88,NO,1591740435,67,70.86,29.09,42.03,14.41
149,Cartagena del Chairá,23,CO,1591740400,78,1.33,-74.84,82.76,1.83
150,Dingle,99,PH,1591740266,83,11.0,122.67,78.62,2.82
151,Yar-Sale,100,RU,1591740438,74,66.83,70.83,59.58,14.23
152,Arrondissement de Pontarlier,100,FR,1591740439,91,46.83,6.25,50.0,5.01
153,Colesberg,17,ZA,1591740440,45,-30.72,25.1,52.14,10.47
154,Geraldton,100,AU,1591740261,54,-28.77,114.6,53.6,14.99
155,Bjelovar,100,HR,1591740443,87,45.9,16.85,57.99,3.36
156,Beringovskiy,44,RU,1591740444,59,63.05,179.32,48.27,3.42
157,Nouadhibou,0,MR,1591740445,51,20.93,-17.03,84.2,20.8
158,Chokurdakh,100,RU,1591740446,76,70.63,147.92,38.62,12.26
159,Norman Wells,75,CA,1591740447,51,65.28,-126.83,60.8,19.46
160,Mount Gambier,36,AU,1591740448,90,-37.83,140.77,32.0,9.17
161,Petropavl,9,KZ,1591740449,70,54.88,69.16,64.29,4.56
162,Samarai,100,PG,1591740450,94,-10.62,150.67,77.29,13.24
163,Philadelphia,1,US,1591740426,40,39.95,-75.16,90.0,14.99
164,Anicuns,0,BR,1591740453,67,-16.46,-49.96,69.3,1.5
165,Atar,65,MR,1591740454,61,20.52,-13.05,82.49,17.4
166,Terney,100,RU,1591740455,88,45.05,136.61,63.81,3.89
167,Laguna,1,US,1591740240,14,38.42,-121.42,91.99,9.17
168,Taoudenni,70,ML,1591740254,23,22.68,-3.98,96.93,12.48
169,Toora-Khem,100,RU,1591740458,91,52.47,96.11,36.97,1.97
170,Basco,74,PH,1591740460,79,20.45,121.97,84.11,11.92
171,Nioro,46,GM,1591740461,62,13.35,-15.75,82.6,11.39
172,Wick,100,GB,1591740462,93,58.43,-3.08,50.0,2.24
173,Mar del Plata,0,AR,1591740233,57,-38.0,-57.56,54.0,2.24
174,Fare,17,PF,1591740464,76,-16.7,-151.02,79.41,16.6
175,Kruisfontein,69,ZA,1591740465,51,-34.0,24.73,61.99,7.45
176,Pobé,94,BJ,1591740466,95,6.98,2.66,73.35,4.92
177,Sawākin,0,SD,1591740467,33,19.11,37.33,89.51,5.23
178,Noumea,49,NC,1591740469,78,-22.28,166.46,73.99,4.7
179,Thompson,90,CA,1591740470,93,55.74,-97.86,51.8,10.29
180,Buta,52,CD,1591740471,89,2.79,24.73,70.74,0.34
181,Hay River,90,CA,1591740472,93,60.82,-115.8,41.0,4.7
182,Stykkisholmur,100,IS,1591740473,88,65.08,-22.73,43.61,1.01
183,Hailar,100,CN,1591740474,51,49.2,119.7,56.84,5.86
184,Garoowe,0,SO,1591740475,47,8.41,48.48,85.12,15.32
185,Touros,75,BR,1591740476,88,-5.2,-35.46,78.8,5.82
186,Ningbo,75,CN,1591740477,88,29.88,121.55,77.0,4.47
187,Naryan-Mar,100,RU,1591740478,85,67.67,53.09,54.68,13.76
188,Arraial do Cabo,40,BR,1591740480,88,-22.97,-42.03,73.4,9.17
189,Leningradskiy,52,RU,1591740481,41,69.38,178.42,60.85,8.52
190,Nan,99,TH,1591740482,95,18.83,100.67,72.99,0.67
191,De-Kastri,100,RU,1591740483,88,51.47,140.78,56.79,2.98
192,Narsaq,90,GL,1591740258,35,60.92,-46.05,57.2,25.28
193,Saint Paul Harbor,90,US,1591740485,81,57.79,-152.41,48.2,1.86
194,Lodja,0,CD,1591740486,60,-3.48,23.43,74.28,1.28
195,Asău,24,RO,1591740269,82,46.43,26.4,61.0,3.31
196,Izvestkovyy,1,RU,1591740488,49,48.98,131.55,63.95,9.08
197,Caribou,1,US,1591740489,24,46.86,-68.01,66.2,9.17
198,Shache,25,CN,1591740257,36,38.42,77.24,64.06,3.29
199,Clyde River,75,CA,1591740492,91,70.47,-68.59,35.6,17.22
200,Rabaul,62,PG,1591740493,76,-4.2,152.17,80.85,3.83
201,Sydney,75,AU,1591740494,100,-33.87,151.21,57.99,5.82
202,San Francisco,1,US,1591740202,30,37.77,-122.42,82.4,16.11
203,Langsa,100,ID,1591740496,94,4.47,97.97,76.51,1.97
204,Shingū,100,JP,1591740497,94,33.73,135.98,66.88,3.33
205,San Angelo,1,US,1591740331,6,31.46,-100.44,95.0,13.87
206,Kul'dur,0,RU,1591740500,50,49.22,131.63,62.8,10.36
207,Kholm-Zhirkovskiy,32,RU,1591740501,93,55.52,33.47,63.86,5.12
208,Avarua,62,CK,1591740475,69,-21.21,-159.78,78.8,14.99
209,Tiksi,98,RU,1591740259,93,71.69,128.87,30.25,10.33
210,Progreso,75,MX,1591740504,53,21.28,-89.67,99.0,12.75
211,Wakkanai,100,JP,1591740505,91,45.41,141.67,56.57,24.4
212,Saskylakh,4,RU,1591740506,69,71.92,114.08,40.23,6.04
213,Carnarvon,0,AU,1591740507,43,-24.87,113.63,67.59,6.35
214,Hobyo,0,SO,1591740257,69,5.35,48.53,80.2,23.49
215,Lompoc,1,US,1591740447,39,34.64,-120.46,84.0,17.22
216,Thinadhoo,99,MV,1591740511,75,0.53,72.93,83.52,9.33
217,Upernavik,86,GL,1591740264,91,72.79,-56.15,33.53,5.66
218,Tuku,100,TW,1591740513,88,23.68,120.39,82.0,4.59
219,Hamilton,20,US,1591740227,74,39.18,-84.53,84.99,11.41
220,Kayerkan,75,RU,1591740515,81,69.35,87.76,42.8,11.18
221,Esna,0,EG,1591740516,14,25.29,32.55,85.55,13.29
222,Margate,20,GB,1591740260,74,51.38,1.39,52.0,5.75
223,Nome,20,US,1591740519,49,64.5,-165.41,48.99,6.93
224,Cabo San Lucas,5,MX,1591740338,54,22.89,-109.91,80.01,11.41
225,Leh,0,IN,1591740521,47,34.17,77.58,49.87,5.48
226,Mahébourg,40,MU,1591740522,83,-20.41,57.7,69.8,14.99
227,Kosonsoy,13,UZ,1591740523,49,41.26,71.55,69.8,9.17
228,High Level,75,CA,1591740481,71,58.52,-117.14,53.6,4.7
229,Souillac,40,MU,1591740525,83,-20.52,57.52,69.8,14.99
230,Concordia,40,AR,1591740526,77,-31.39,-58.02,63.0,8.05
231,Cayenne,11,GF,1591740528,74,4.93,-52.33,82.4,4.7
232,Itarema,56,BR,1591740273,83,-2.92,-39.92,78.48,9.48
233,Oranjemund,0,NA,1591740530,89,-28.55,16.43,57.96,14.92
234,Ballitoville,0,ZA,1591740531,93,-29.54,31.21,51.8,2.24
235,Rio Grande,49,BR,1591740413,91,-32.03,-52.1,55.0,5.5
236,Chukhloma,55,RU,1591740533,91,58.75,42.68,59.65,4.56
237,Valle de Allende,16,MX,1591740534,19,26.93,-105.4,87.66,8.57
238,Phaltan,39,IN,1591740535,72,17.98,74.43,77.79,7.02
239,Harriston,1,CA,1591740537,43,43.9,-80.88,87.8,10.29
240,Tahoua,0,NE,1591740538,55,14.89,5.27,86.0,13.87
241,Seville,10,ES,1591740539,63,37.38,-5.98,71.6,3.36
242,Chui,100,UY,1591740540,89,-33.7,-53.46,54.59,1.92
243,Bongandanga,92,CD,1591740541,94,1.5,21.05,71.58,2.84
244,Severo-Kuril'sk,72,RU,1591740542,72,50.68,156.12,47.98,8.5
245,Los Llanos de Aridane,75,ES,1591740543,78,28.66,-17.92,71.6,9.17
246,Divnogorsk,40,RU,1591740544,100,55.96,92.36,41.0,6.71
247,Castro,84,BR,1591740546,95,-24.79,-50.01,62.73,6.4
248,Mosetse,0,BW,1591740547,50,-20.75,26.65,53.47,10.58
249,Aklavik,90,CA,1591740548,81,68.22,-135.01,44.6,10.29
250,Eirunepé,81,BR,1591740549,73,-6.66,-69.87,83.1,1.23
251,Mount Isa,0,AU,1591740550,71,-20.73,139.5,53.6,3.36
252,Marawi,97,PH,1591740551,84,8.0,124.29,77.0,4.0
253,Longyearbyen,75,SJ,1591740552,74,78.22,15.64,37.4,9.17
254,Sioux Lookout,75,CA,1591740554,82,50.1,-91.92,66.2,2.24
255,Lakhdenpokh'ya,96,RU,1591740555,94,61.52,30.2,56.93,6.02
256,Mashhad,0,IR,1591740545,28,36.3,59.61,68.0,4.7
257,Seddon,98,AU,1591740557,87,-37.81,144.89,46.4,10.29
258,Inuvik,90,CA,1591740558,71,68.35,-133.72,50.0,9.17
259,Américo Brasiliense,80,BR,1591740396,90,-21.72,-48.1,66.04,2.98
260,Ixtapa,5,MX,1591740560,69,20.7,-105.2,82.4,14.99
261,Halachó,75,MX,1591740561,53,20.48,-90.08,99.0,12.75
262,Buala,78,SB,1591740562,75,-8.14,159.59,84.16,7.65
263,Faya,40,SA,1591740564,43,18.39,42.45,73.4,6.26
264,Sibolga,77,ID,1591740565,75,1.74,98.78,77.56,3.62
265,Chimbote,22,PE,1591740566,74,-9.09,-78.58,66.83,8.57
266,São Filipe,21,CV,1591740567,86,14.9,-24.5,74.55,7.11
267,Puerto Ayacucho,75,VE,1591740568,78,5.66,-67.62,80.6,8.05
268,Polovinnoye,22,RU,1591740569,61,54.79,65.99,64.89,4.76
269,Esperance,34,AU,1591740570,57,-33.87,121.9,50.0,12.75
270,Arrondissement du Havre,48,FR,1591740572,81,49.58,0.33,51.8,3.36
271,Kingaroy,90,AU,1591740573,100,-26.53,151.83,55.99,5.82
272,Villamontes,90,BO,1591740423,57,-21.25,-63.5,77.0,1.39
273,Talaya,100,RU,1591740575,79,61.38,152.75,48.31,7.09
274,Nishihara,75,JP,1591740576,94,26.18,127.76,77.0,10.29
275,Rutul,0,RU,1591740577,46,41.54,47.42,73.4,11.41
276,Arica,75,CL,1591740578,77,-18.48,-70.3,66.2,9.17
277,Lagoa,100,PT,1591740579,83,39.05,-27.98,63.63,7.05
278,Lüderitz,26,NA,1591740581,91,-26.65,15.16,58.05,9.46
279,Mollendo,66,PE,1591740582,75,-17.02,-72.01,64.13,5.46
280,Petropavlovsk-Kamchatskiy,82,RU,1591740583,66,53.05,158.65,51.8,6.71
281,Eureka,71,US,1591740430,48,40.8,-124.16,72.0,5.01
282,Bodden Town,40,KY,1591740585,66,19.28,-81.25,87.8,4.7
283,Alekseyevsk,100,RU,1591740586,92,57.84,108.35,49.6,3.31
284,Parabel',100,RU,1591740587,59,58.7,81.48,53.02,6.22
285,Comodoro Rivadavia,12,AR,1591740555,41,-45.87,-67.5,57.2,31.09
286,Paracuru,4,BR,1591740589,77,-3.41,-39.03,79.0,1.99
287,Normandin,20,CA,1591740591,22,48.83,-72.53,69.8,4.7
288,Pisco,90,PE,1591740592,72,-13.7,-76.22,66.2,4.7
289,Roebourne,0,AU,1591740593,53,-20.78,117.13,69.66,8.08
290,Morristown,20,US,1591740594,51,36.21,-83.29,86.0,10.29
291,Paphos,0,CY,1591740595,88,34.77,32.42,66.2,5.82
292,Biltine,23,TD,1591740596,24,14.53,20.92,85.55,3.09
293,Tomatlán,4,MX,1591740597,58,19.93,-105.25,86.41,11.34
294,Can Tho,40,VN,1591740599,100,10.03,105.78,78.8,3.36
295,Kīhei,20,US,1591740571,52,20.79,-156.47,87.8,24.16
296,Chumikan,100,RU,1591740601,97,54.72,135.31,37.62,8.1
297,Portland,90,US,1591740602,82,45.52,-122.68,62.01,10.29
298,Cap Malheureux,3,MU,1591740603,78,-19.98,57.61,70.0,5.99
299,Port Macquarie,75,AU,1591740604,100,-31.43,152.92,60.8,4.7
300,Arman',100,RU,1591740605,77,59.7,150.17,48.25,1.83
301,Finschhafen,89,PG,1591740607,66,-6.6,147.87,81.84,6.22
302,Grand-Santi,98,GF,1591740608,86,4.25,-54.38,77.11,3.62
303,Cabedelo,75,BR,1591740609,94,-6.98,-34.83,77.0,4.7
304,Kalispell,90,US,1591740442,47,48.2,-114.31,59.0,11.41
305,Panórama,20,GR,1591740611,88,40.59,23.03,73.0,5.82
306,Presidencia Roque Sáenz Peña,83,AR,1591740612,80,-26.79,-60.44,71.01,1.99
307,Ilulissat,75,GL,1591740613,74,69.22,-51.1,37.4,5.82
308,Salinópolis,93,BR,1591740614,81,-0.61,-47.36,80.02,8.3
309,Bonthe,81,SL,1591740616,85,7.53,-12.51,79.03,6.96
310,Puerto Escondido,75,MX,1591740617,74,15.85,-97.07,87.8,10.29
311,Sørland,0,NO,1591740618,74,67.67,12.69,45.27,9.8
312,Midland,1,US,1591740494,6,32.0,-102.08,89.6,16.11
313,Ponta Delgada,20,PT,1591740620,77,37.73,-25.67,62.6,9.17
314,Santa Barbara,1,US,1591740349,10,34.42,-119.7,91.99,9.17
315,Zhigalovo,92,RU,1591740622,63,54.81,105.16,50.52,2.08
316,San Rafael,0,AR,1591740623,36,-34.62,-68.33,56.14,3.2
317,Port Keats,79,AU,1591740624,56,-14.25,129.55,67.73,8.93
318,East London,0,ZA,1591740626,30,-33.02,27.91,76.44,13.67
319,Sobolevo,64,RU,1591740627,88,54.43,31.9,65.12,5.06
320,Kamaishi,85,JP,1591740628,54,39.27,141.88,71.58,2.33
321,Răducăneni,15,RO,1591740629,77,46.95,27.93,68.0,5.82
322,Ahipara,22,NZ,1591740630,74,-35.17,173.17,58.96,11.07
323,Emerald,61,AU,1591740631,57,-23.53,148.17,51.8,6.93
324,Mattru,94,SL,1591740632,96,7.62,-11.83,75.04,2.48
325,Fairbanks,1,US,1591740634,49,64.84,-147.72,73.0,3.36
326,Dalbandin,0,PK,1591740635,15,28.89,64.41,83.59,8.32
327,Bengkulu,1,ID,1591740636,85,-3.8,102.27,75.63,3.47
328,Dhadar,2,IN,1591740637,29,28.33,75.06,95.32,8.12
329,Chara,64,RU,1591740638,57,56.91,118.26,50.11,7.18
330,Kholmogory,75,RU,1591740639,100,64.22,41.66,57.2,3.62
331,Daitari,58,IN,1591740640,85,21.1,85.75,79.2,1.12
332,Vila Velha,2,BR,1591740405,88,-20.33,-40.29,73.99,3.36
333,Dunedin,18,NZ,1591740642,61,-45.87,170.5,52.0,3.0
334,Iqaluit,90,CA,1591740644,74,63.75,-68.51,35.6,17.22
335,Trincomalee,100,LK,1591740363,76,8.57,81.23,82.69,19.95
336,Lima Duarte,2,BR,1591740646,86,-21.84,-43.79,64.31,2.57
337,Angoche,41,MZ,1591740647,80,-16.23,39.91,70.83,2.17
338,Puksoozero,95,RU,1591740648,98,62.59,40.61,62.73,3.29
339,Chicama,54,PE,1591740649,68,-7.84,-79.15,69.08,8.05
340,Laas,75,IT,1591740650,93,46.62,10.7,52.0,2.33
341,Rocha,100,UY,1591740651,87,-34.48,-54.33,51.75,3.89
342,Belmonte,20,BR,1591740419,83,-15.86,-38.88,75.2,6.93
343,Umeå,1,SE,1591740483,87,63.83,20.26,48.0,2.24
344,Cananéia,98,BR,1591740655,92,-25.01,-47.93,71.58,2.21
345,Taguatinga,0,BR,1591740656,53,-12.39,-46.57,76.55,4.9
346,Kuching,40,MY,1591740502,100,1.55,110.33,75.2,2.24
347,Kumluca,0,TR,1591740436,48,36.37,30.29,73.58,2.73
348,São Borja,98,BR,1591740659,95,-28.66,-56.0,61.83,10.36
349,Port Shepstone,0,ZA,1591740660,51,-30.74,30.45,63.3,7.09
350,Felanitx,0,ES,1591740661,77,39.47,3.15,62.01,6.06
351,Kyra,87,RU,1591740663,81,49.58,111.98,47.08,5.7
352,Vanavara,100,RU,1591740664,89,60.34,102.28,47.61,2.53
353,Sabang,100,ID,1591740665,74,5.89,95.32,83.17,10.29
354,Griffith,90,US,1591740580,74,41.53,-87.42,82.99,20.6
355,Lata,83,PT,1591740667,86,40.16,-8.33,60.01,1.99
356,Nyurba,77,RU,1591740668,88,63.28,118.33,53.19,9.82
357,Lacaron,100,PH,1591740669,73,6.45,125.58,79.52,4.83
358,Saint-François,75,FR,1591740670,71,46.42,3.91,57.2,6.93
359,São José de Ribamar,40,BR,1591740514,83,-2.56,-44.05,80.6,3.36
360,Dawlatabad,0,AF,1591740673,20,36.41,64.91,73.99,4.14
361,Santoña,20,ES,1591740674,82,43.44,-3.46,59.0,5.82
362,Djibo,84,BF,1591740675,31,14.1,-1.63,93.27,10.65
363,Baní,40,DO,1591740676,55,18.28,-70.33,89.6,9.17
364,Avera,40,US,1591740677,74,33.19,-82.53,89.6,9.17
365,Ossora,5,RU,1591740678,74,59.24,163.07,46.4,13.24
366,Marabu,75,MY,1591740679,88,4.41,114.01,80.6,3.36
367,Nadym,92,RU,1591740680,77,65.53,72.52,60.62,11.65
368,Monrovia,99,LR,1591740682,86,6.3,-10.8,79.27,8.41
369,Agidel,75,RU,1591740683,76,55.91,53.94,60.91,4.72
370,Vao,16,NC,1591740684,78,-22.67,167.48,72.39,25.3
371,Egvekinot,10,RU,1591740685,51,66.32,-179.17,54.68,3.09
372,Nyborg,1,DK,1591740686,76,55.31,10.79,57.0,3.36
373,Krasnosel'kup,82,RU,1591740687,90,65.7,82.47,49.91,6.08
374,Kiryat Gat,26,IL,1591740688,81,31.61,34.76,71.01,2.1
375,Salalah,75,OM,1591740689,94,17.02,54.09,84.2,8.05
376,Chute-aux-Outardes,20,CA,1591740691,33,49.12,-68.4,59.0,8.05
377,São Gonçalo do Sapucaí,22,BR,1591740692,84,-21.89,-45.6,64.17,1.25
378,Tromsø,40,NO,1591740685,72,69.65,18.96,44.6,6.93
379,General Roca,48,AR,1591740694,26,-39.03,-67.58,57.2,13.87
380,Dubna,73,RU,1591740534,95,56.73,37.17,63.16,5.23
381,San Quintín,0,MX,1591740696,32,30.48,-115.95,77.59,11.5
382,Bharatpur,12,IN,1591740697,22,27.22,77.48,94.77,5.37
383,Jinxiang,100,CN,1591740698,90,22.86,115.7,79.9,5.73
384,Port-Cartier,75,CA,1591740699,40,50.03,-66.87,53.6,10.29
385,Bronkhorstspruit,0,ZA,1591740701,65,-25.81,28.74,48.99,1.12
386,Praia da Vitória,40,PT,1591740702,77,38.73,-27.07,66.2,6.29
387,Sistranda,0,NO,1591740703,76,63.73,8.83,51.8,4.7
388,Teknāf,92,BD,1591740704,85,20.86,92.31,81.27,12.88
389,Zvishavane,0,ZW,1591740705,89,-20.33,30.07,52.72,2.13
390,Lorengau,80,PG,1591740706,77,-2.02,147.27,83.61,7.94
391,Zhangjiakou Shi Xuanhua Qu,75,CN,1591740707,66,40.61,115.04,64.83,1.28
392,Rosetta,53,EG,1591740709,69,31.4,30.42,73.4,2.24
393,Kaeo,7,NZ,1591740710,3,-35.1,173.78,55.99,3.0
394,Gizo Government Station,100,SB,1591740711,70,-8.1,156.84,84.25,6.17
395,Saint Anthony,90,US,1591740427,88,45.02,-93.22,75.99,4.7
396,Dekar,0,BW,1591740713,37,-21.53,21.93,57.11,6.26
397,Russell,20,US,1591740714,62,32.35,-85.2,86.0,9.17
398,Gao,47,ML,1591740715,15,16.64,1.64,101.17,9.53
399,Carman,90,CA,1591740716,67,49.5,-98.0,61.0,12.75
400,Nampula,2,MZ,1591740718,99,-15.12,39.27,60.91,1.45
401,Manakara,11,MG,1591740719,86,-22.13,48.02,65.52,3.4
402,Winnemucca,1,US,1591740720,15,40.97,-117.74,78.8,8.05
403,Dover,1,US,1591740721,48,39.16,-75.52,88.0,8.05
404,Constitución,0,CL,1591740722,71,-35.33,-72.42,50.94,4.85
405,Munxar,7,MT,1591740723,68,36.03,14.23,69.01,11.41
406,Deputatsky,100,RU,1591740724,79,69.3,139.9,37.42,5.17
407,Mórrope,97,PE,1591740725,56,-6.54,-80.01,73.4,18.34
408,Pringsewu,14,ID,1591740727,93,-5.36,104.97,72.59,1.5
409,Novy Urengoy,62,RU,1591740728,69,66.08,76.63,54.18,7.87
410,Umluj,0,SA,1591740729,38,25.02,37.27,86.83,8.59
411,Porto-Novo,40,BJ,1591740730,83,6.5,2.6,80.6,4.7
412,Pak Phanang,100,TH,1591740731,82,8.35,100.2,80.62,2.42
413,Kupang,20,ID,1591740732,78,-10.17,123.58,77.0,10.29
414,Acarí,14,PE,1591740733,59,-15.43,-74.62,68.99,5.59
415,Weligama,100,LK,1591740735,87,5.97,80.42,79.99,9.71
416,Morbegno,100,IT,1591740736,85,46.14,9.57,48.99,1.99
417,Abhā,40,SA,1591740533,43,18.22,42.51,73.4,8.86
418,Riyadh,43,SA,1591740478,14,24.69,46.72,95.0,6.93
419,Caceres,99,ES,1591740739,56,39.52,-6.37,66.0,7.7
420,Mulchén,75,CL,1591740740,81,-37.72,-72.23,50.0,4.7
421,Sakakah,0,SA,1591740741,11,29.97,40.21,89.6,3.36
422,Carutapera,51,BR,1591740743,86,-1.2,-46.02,77.38,4.76
423,Iaçu,45,BR,1591740656,81,-12.77,-40.21,73.42,3.96
424,Mumford,89,GH,1591740745,87,5.26,-0.76,78.71,11.61
425,Lewiston,75,US,1591740559,52,44.1,-70.21,71.01,6.93
426,Klyuchi,21,RU,1591740747,76,52.27,79.17,55.89,6.13
427,Malibu,0,US,1591740748,24,34.01,-118.81,93.0,4.0
428,Pavino,0,RU,1591740749,88,59.11,46.14,57.78,1.95
429,Thohoyandou,0,ZA,1591740750,64,-22.95,30.48,55.96,1.74
430,Yanam,100,IN,1591740752,84,16.73,82.22,80.91,1.95
431,Kloulklubed,90,PW,1591740753,100,7.04,134.26,75.2,6.33
432,Charcas,87,MX,1591740754,25,23.13,-101.12,82.4,4.03
433,Kudeyevskiy,75,RU,1591740755,72,54.88,56.76,64.4,6.71
434,Smolenka,40,RU,1591740756,86,52.14,113.5,41.0,2.24
435,Yenagoa,95,NG,1591740757,92,4.92,6.26,75.38,3.91
436,Hervey Bay,66,AU,1591740758,96,-25.3,152.85,61.0,11.01
437,Fort Nelson,40,CA,1591740759,62,58.81,-122.7,57.2,8.05
438,Périgueux,0,FR,1591740761,75,45.18,0.72,54.0,4.79
439,Paamiut,100,GL,1591740762,89,61.99,-49.67,42.33,13.69
440,Bilma,0,NE,1591740763,12,18.69,12.92,92.66,7.05
441,Yantzaza,75,EC,1591740764,35,-3.83,-78.76,86.0,18.34
442,Ancud,90,CL,1591740765,93,-41.87,-73.82,51.01,8.05
443,Beyneu,0,KZ,1591740766,20,45.32,55.2,79.74,9.17
444,Mirebalais,75,HT,1591740767,66,18.83,-72.11,87.8,11.41
445,Flinders,100,AU,1591740768,94,-34.58,150.86,55.0,1.99
446,Wairoa,0,NZ,1591740769,70,-39.03,177.37,50.0,8.01
447,Sanguéya,100,GN,1591740771,87,10.7,-14.37,76.82,3.49
448,Vilyuysk,100,RU,1591740772,74,63.76,121.62,53.6,10.04
449,Nanyang,100,CN,1591740608,84,32.99,112.53,71.47,3.29
450,Matara,100,LK,1591740774,88,5.95,80.54,79.63,9.51
451,Morondava,0,MG,1591740775,71,-20.28,44.28,70.3,5.12
452,Praia,20,CV,1591740516,74,14.92,-23.51,78.8,4.7
453,Awjilah,21,LY,1591740777,29,29.11,21.29,85.86,15.12
454,Codrington,49,AU,1591740778,92,-38.27,141.97,38.95,9.08
455,Qasigiannguit,75,GL,1591740780,74,68.82,-51.19,37.4,3.36
456,Beloha,0,MG,1591740781,83,-25.17,45.05,63.39,10.22
457,Kajaani,26,FI,1591740782,58,64.23,27.73,55.4,9.17
458,Cherskiy,21,RU,1591740783,36,68.75,161.3,70.56,14.12
459,Valparaíso,2,CL,1591740784,71,-33.04,-71.63,62.6,17.22
460,Karak,6,JO,1591740785,55,31.17,35.75,64.4,5.82
461,Aasiaat,94,GL,1591740786,89,68.71,-52.87,35.53,7.25
462,Bollnäs,25,SE,1591740787,98,61.35,16.39,51.01,5.99
463,Oskemen,2,KZ,1591740788,81,49.96,82.61,50.0,2.24
464,Port-Gentil,40,GA,1591740790,83,-0.72,8.78,78.8,6.93
465,Arrondissement d'Ajaccio,75,FR,1591740791,88,42.0,8.92,62.6,4.7
466,Manaus,40,BR,1591740792,62,-3.1,-60.02,89.6,2.24
467,Talnakh,75,RU,1591740793,81,69.49,88.4,42.8,11.18
468,Tura,0,IN,1591740794,74,25.52,90.22,77.49,2.53
469,College,40,US,1591740795,45,64.86,-147.8,73.0,6.93
470,Zwiesel,100,DE,1591740796,94,49.02,13.23,54.0,1.01
471,Henties Bay,0,NA,1591740797,91,-22.12,14.28,59.0,1.72
472,Hirara,75,JP,1591740798,94,24.8,125.28,71.6,3.36
473,Krasnyy Kommunar,40,RU,1591740800,67,51.96,55.37,62.6,4.47
474,Olafsvik,90,IS,1591740801,85,64.89,-23.71,44.02,7.29
475,Vestmannaeyjar,74,IS,1591740802,78,63.44,-20.27,48.6,16.53
476,Sonāri,4,IN,1591740803,90,27.07,95.03,76.82,2.19
477,Zhezkazgan,27,KZ,1591740804,42,47.8,67.71,66.58,9.55
478,Terrace Bay,75,CA,1591740805,68,48.78,-87.1,69.8,10.29
479,Olinda,40,BR,1591740519,83,-8.01,-34.86,78.8,6.93
480,Guerrero Negro,0,MX,1591740807,15,27.98,-114.06,88.93,16.6
481,Syamzha,71,RU,1591740809,96,60.02,41.06,60.73,5.01
482,Atbasar,47,KZ,1591740810,67,51.8,68.33,64.02,6.6
483,Eagle Pass,5,US,1591740811,40,28.71,-100.5,104.0,9.17
484,Ostrovnoy,100,RU,1591740812,87,68.05,39.51,42.08,14.2
485,Amahai,98,ID,1591740813,97,-3.33,128.92,80.01,3.44
486,Guarujá,59,BR,1591740815,88,-23.99,-46.26,78.01,3.36
487,Brownwood,1,US,1591740816,9,31.71,-98.99,93.2,16.11
488,Tegul'det,44,RU,1591740817,96,57.31,88.17,37.94,4.38
489,Quryq,0,KZ,1591740818,21,43.2,51.65,80.53,10.49
490,Province of Mantua,100,IT,1591740819,83,45.17,10.78,62.01,5.99
491,Yura,0,PE,1591740820,33,-16.25,-71.68,60.71,5.35
492,Niquero,100,CU,1591740821,72,20.04,-77.58,85.05,3.91
493,Siloam Springs,40,US,1591740823,62,36.19,-94.54,89.6,17.22
494,Alyangula,99,AU,1591740824,94,-13.85,136.42,73.4,2.24
495,Ulety,74,RU,1591740825,72,51.36,112.48,50.04,2.77
496,Makambako,1,TZ,1591740827,86,-8.85,34.82,54.5,10.07
497,Aksha,100,RU,1591740828,79,50.28,113.29,51.21,3.29
498,Calvinia,0,ZA,1591740829,87,-31.47,19.78,47.75,4.72
499,Nemuro,93,JP,1591740830,87,43.32,145.57,52.72,7.63
500,Brigantine,1,US,1591740760,42,39.41,-74.36,80.6,13.87
501,Itoman,75,JP,1591740832,94,26.12,127.67,77.0,8.05
502,Karratha,0,AU,1591740834,53,-20.74,116.85,68.86,7.92
503,Liberal,90,US,1591740765,58,37.04,-100.92,59.0,44.96
504,Mankono,96,CI,1591740836,91,8.06,-6.19,73.15,13.94
505,Bereda,85,ES,1591740838,84,43.27,-7.54,53.01,1.99
506,Paso de Carrasco,75,UY,1591740839,93,-34.86,-56.05,53.6,4.7
507,Monroe,40,US,1591740645,35,43.15,-77.68,87.8,3.36
508,Port Lincoln,0,AU,1591740841,52,-34.73,135.87,49.41,5.32
509,Baoning,75,CN,1591740842,94,25.34,110.03,75.2,1.77
510,Arrondissement de Saint-Denis,44,FR,1591740844,67,48.92,2.33,59.0,3.36
511,Hofn,55,IS,1591740845,76,64.25,-15.21,48.13,4.74
512,Ukiah,1,US,1591740846,26,39.15,-123.21,84.99,4.7
513,Pālkonda,96,IN,1591740847,80,18.6,83.75,81.18,3.87
514,Kieta,95,PG,1591740848,70,-6.22,155.63,83.37,1.16
515,Bucerías,5,MX,1591740849,69,20.75,-105.33,82.4,17.22
516,Vallenar,67,CL,1591740850,40,-28.57,-70.76,62.65,4.5
517,Naze,75,JP,1591740852,94,28.37,129.48,77.0,14.99
518,Nicoya,75,CR,1591740853,66,10.15,-85.45,89.6,9.17
519,Mokhsogollokh,74,RU,1591740854,90,61.47,128.92,51.04,6.44
520,Angul,18,IN,1591740784,73,20.85,85.1,83.57,2.59
521,Koungou,21,YT,1591740856,69,-12.73,45.2,77.0,6.93
522,Chapais,1,CA,1591740858,22,49.78,-74.85,64.4,8.05
523,Sur,0,OM,1591740755,72,22.57,59.53,85.12,8.66
524,Maceió,75,BR,1591740860,94,-9.67,-35.74,75.2,3.36
525,Quatre Cocos,75,MU,1591740861,83,-20.21,57.76,69.8,14.99
526,Kodīnar,16,IN,1591740862,79,20.79,70.7,84.83,8.34
527,Nālūt,74,LY,1591740863,32,30.33,10.85,80.19,16.31
528,Farafangana,17,MG,1591740865,84,-22.82,47.83,66.67,5.06
529,Soyo,27,AO,1591740866,90,-6.13,12.37,74.91,7.67
530,Mehamn,79,NO,1591740867,68,71.04,27.85,41.65,16.35
531,Adrar,0,MR,1591740868,31,20.5,-10.07,93.52,7.2
532,Aberdeen,100,GB,1591740869,87,57.14,-2.1,52.0,5.82
533,Lakes Entrance,100,AU,1591740870,69,-37.88,147.98,45.7,4.03
